Day,Nov 2020,Dec 2020,Jan 2021,Feb 2021,Mar 2021,Apr 2021,May 2021,Jun 2021,Jul 2021,Aug 2021,Sep 2021,Oct 2021
1,X,bs je 1w gg mp,eb bj pp ol rs fd,sg lk lp ak ec,ts gg lk kg jg ba,eb mh gf mp rr 4/2 ak ls,,aa ts 3 1/2f lk 1 ol pah 2 tn 4,bs kp gg GB lp ak cf,,eb ag 2/3/4/5/16/17/18/19/26 pp1 mp je1 tq2 ls2 jg sh,mh GB ba1/2sec sb ec
2,bs 1w lk sb rs ec,bs1 mp1 jg2 1w gg sh2 je1 rr2,,sg lk lp ak ec,ts gg lk kg jg ba,eb mh gf mp rr 4/2 ak ls,,ts rs2 3 1/2f lk 1 ol aa1 rr2 pah 2 tn 4,bs kp gg GB lp ak cf,aa je lp rr jg eh,eb ag 2/3/4/5/16/17/18/19/26 mp tq jg ls sh,
3,bs 1w lk sb rs ec,1w gg rr jg sh,,lp1 lk sh2 bj2 sg1 1w2 ak1 ec,ts gg kg1 lk jg1 fs2 sh2 ba1,,aa lk ol jg xx1/2s.aa/ol cf pah 1week,ts 3 1/2f lk 1 ol rr rs pah 2 tn 4,,aa je lp rr jg eh,eb ag 2/3/4/5/16/17/18/19/26 mp tq jg ls sh,
4,bs1 1w pp2 lk fs2 rs1 mp2 sb1 ec,1w gg rr jg sh,ts eb sg ag mp rr 4/11 ec,1w bj lk sh ec,ts gg lk sh fs,,aa lk ol jg xx1/2s.aa/ol cf pah 1week,ts 3 1/2f lk 1 ol rr rs pah 2 tn 4,,bs2 je lp rr jg aa1 eh,,aa eb tq pp ls eh
5,1w lk mp pp fs ec,,ts eb sg ag mp rr 4/11 ec,1w bj lk sh ec,ts gg lk sh fs,aa bs sg lk kg cf,sb2 lk jg1 aa1 ol1 xx1/2s.aa/ol cf pah je2 1week,,aa ts sg GB lp jg,bs je lp rr jg eh,,aa eb tq pp ls eh
6,1w lk mp pp fs ec,,bs2 ts mp1 sg ag 4/11 ak2 eb1 sb2 rr1 ec,,,aa bs sg lk kg cf,je lk sb xx1/2s.aa/ol cf pah 1week,,aa ts sg GB lp jg,bs je lp rr jg eh,aa pb eb rh mp 9/7 eh ec,bs2 ls1 sh2 pp1 tq aa1 kp2 fd2 eb1 eh
7,,mh bj lp rs fd,ts bs sg ag sb 4/11 ak ec,,,bs1 pb2 kg1 lk aa1 sg1 cf sb2 lp2 je2,je lk sb xx1/2s.aa/ol cf pah 1week,aa kp dm tq lp fs,ts sg lp1 GB sh2 mp2 aa1 jg,,aa pb eb rh mp 9/7 eh ec,bs kp tq sh fd eh
8,,mh bj lp rs fd,ts bs sg ag sb 4/11 ak ec,aa pb sg pp rr cf,lk mp lp rr ol fd,pb je lk lp sb cf,,aa kp dm tq lp fs,ts sg GB mp jg sh,,pb1 bs2 rh mp1 rs2 sg2 aa1 9/7 lp2 eb1 eh ec,bs kp tq sh fd eh
9,pb sg ag mh lk 16/25 mp ls,lp1 mh bj1 fs2 rs1 mp2 fd1 ba2 rr2 sb2,,aa pb sg pp rr cf,lk mp lp rr ol fd,pb je lk lp sb cf,,bs2 dm lp1 kp1 eh2 kg2 tq mp2 aa1 fs1,ts sg GB mp jg sh,fs ak ls sh fd ec,bs rh sg lp rs 9/7 eh ec,
10,pb sg ag mh lk 16/25 mp ls,mh mp sb rr ba fs,,bs2 pb rs2 jg2 pp1 ls2 mp2 aa1 sg1 cf1 rr1,mp1 lk lp ol kp2 ak2 fd rr1,,eb je lk tq rr ak,bs dm kg tq mp eh,,fs ak ls sh fd ec,bs rh sg lp rs 9/7 eh ec,
11,pb mp1 ag mh ls1 lk 16/25 fd2 sg1 rr2 lp2,mh mp sb rr ba fs,aa sg kg lp ls sh,ls pb bs mp jg rs,kp lk lp ol ak fd,,eb je lk tq rr ak,bs dm kg tq mp eh,,bj2 ak ls sh fd fs1 ec,,sb rr jg rs fd 1week
12,pb ag mh lk 16/25 lp rr fd,,aa sg kg lp ls sh,ls pb bs mp jg rs,kp lk lp ol ak fd,kp sg je gg fd tn,sg2 lk sh2 je1 cf2 rr1 ba2 tq1 ak1 sb2 eb1,,EC lk mp tq ls fs,bj ak ls sh fd ec,,sb rr jg rs fd 1week
13,pb ag mh lk 16/25 lp rr fd,,jg2 kg1 lp sh1 sg1 aa1 tn2 ls cf2 eb2,,,kp sg je gg fd tn,sh sg lk sb ba cf,,EC lk mp tq ls fs,bj ak ls sh fd ec,yk dm 9/16 kg rr ak fd,al2 rs1 sb rr jg fd1 lp2 1week
14,,aa sg dm je ag17/21/22/23/28/29/30 mp ls,eb lp jg ls cf tn,,,rs2 ts2 kp1 gg1 je1 mp2 ba2 sg1 fd tn,sh sg lk sb ba cf,eb kg ak ls ba fd,lk kg2 mp tq OL2 EC1 ls fs1,,yk dm 9/16 kg rr ak fd,lp sb rr jg al 1week
15,,aa sg dm je ag17/21/22/23/28/29/30 mp ls,eb lp jg ls cf tn,eb dm kg ag1/15/24*/ ba cf tn,bj lk ak ba cf ec,ts mp rs ba fd tn,,eb kg ak ls ba fd,ls lk mp tq kg OL,,yk pb2 rs2 dm jg2 9/16 kg1 rr2 fd ak1 rr1,lp sb rr jg al 1week
16,aa sg 1w bj lk jg,mp1 sg dm je ag17/21/22/23/28/29/30 ls1 aa1 tn2 lp2,,eb dm kg ag1/15/24*/ ba cf tn,bj lk ak ba cf ec,ts mp rs ba fd tn,,eb rs2 jg2 kg1 bj2 fd1 ls ba ak1,ls lk mp tq kg OL,kp sg lk kg mp rs,yk pb dm 9/16 rr jg rs fd,
17,aa sg 1w bj lk jg,sg dm je ag17/21/22/23/28/29/30 lp tn,,eb dm kg ag1/15/24*/ ba1 fd2 cf tn,rr2 bj1 lk1 ba cf ak1 sb2 je2 ec,,gg lk lp sg1/2f. 17-20 fd tn tq21,ls eb bj jg rs ba,,kp sg lk kg mp rs,yk pb dm 9/16 rr jg rs fd,
18,1w bj1 sh2 lk1 aa1 jg tn2 sg1 ba2 kp2,sg dm je ag17/21/22/23/28/29/30 lp tn,pb 1w mp tq rs ba,eb dm kg ag1/15/24*/ fd cf tn,je sb rr ba cf ec,,gg lk lp sg1/2f. 17-20 fd tn tq21,ls eb bj jg rs ba,,mp1 kp1 lk gg2 kg ba2 sg1 rs GB2,,ts sg je kg 22 21 ol rr ba
19,ba kp 1w jg sh tn,,pb 1w mp tq rs ba,eb dm kg ag1/15/24*/ fd cf tn,je sb rr ba cf ec,ts dm ag mh 1/5 tq rr fd,lp1 gg ec2 lk1 sg1/2f. 17-20 mp2 kp2 fd tn tq21,,kp OL lp fd ak fs,GB gg lk kg rs ba,,ts sg je kg 22 21 ol rr ba
20,ba kp 1w jg sh tn,,pb1 mp1 1w lk2 fs2 tq rs1 ba1 fd2 je2,,,ts dm ag mh 1/5 tq rr fd,kp gg mp sg1/2f. 17-20 fd tq21 tn ec,,kp OL lp fd ak fs,GB gg lk kg rs ba,pb kp sg ag mh bj 7/16 fd,ts kg1 je1 22 bj2 mp2 ol 21 sg1 ba rr1 je2
21,,kp gg jg ak sh fs,je 1w lk tq fd fs,,,dm ag mh pp2 ts1 1/5 fs2 ls2 tq fd1 rr1,kp gg mp sg1/2f. 17-20 fd tq21 tn ec,aa 10/28/29/30 ag lp ol rr fs tn,lp1 kp1 bj2 mp2 ba2 OL fd ak1 sb2 fs1,,pb kp sg ag mh bj 7/16 fd,ts je bj mp 22 21 ol ba
22,,kp gg jg ak sh fs,je 1w lk tq fd fs,aa tq 12/f rr ol fd,pb kp bs sg ag22/24pm/25/29/30/31 po 3/27 jg tn,dm ag mh 1/5 tq pp ls fs,,aa 10/28/29/30 ag lp ol rr fs tn,bj mp sb OL ba fd,,pb ag mh kp1 bj 7/16 gg2 fd1 sg1 lp2 je2,ts je bj mp 22 21 ol ba
23,ts dm kg tq lp ol,bs2 kp gg sh1 jg ak fs,,aa tq 12/f rr ol fd,pb kp bs sg ag22/24pm/25/29/30/31 po 3/27 jg tn,dm ag mh 1/5 tq pp ls fs,,bs2 10/28/29/30 ag tn sh2 lp mp2 ol aa1 rr1 fs1,bj mp sb OL ba fd,ts sg mh off lk 24 pp 7 sb 23 25 ba fs cf eh,pb je ag mh gg bj 7/16 lp,
24,ts dm kg tq lp ol,bs kp gg jg ak fs,,fs2 tq 12/f aa1 ol kp2 fd1 lp2 sb2 rr1,pb kp bs1 sg tn1 rs2 ag22/24pm/25/29/30/31 po 3/27 sh2 jg,,pb sg lk rr 1/2f 1week,bs 10/28/29/30 ag mp lp ol sh tn,,ts sg mh off lk 24 pp 7 sb 23 25 ba fs cf eh,pb je ag mh gg bj 7/16 lp,
25,ts dm kg tq lp ol,bs kp gg jg ak fs,gg lk kg rr jg fd,kp tq lp 12/f sb ol fs,pb kp ag22/24pm/25/29/30/31 sg po 3/27 jg rs sh,,pb sg lk rr 1/2f 1week,bs 10/28/29/30 ag mp lp ol sh tn,,ba ts eh sg mh off lk 24 pp1 bj2 7 sb 23 25 rr2 cf fs1,,sg dm fd ec26 ba25
26,ts dm kg tq lp ol,,gg lk kg rr jg fd,kp tq lp 12/f sb ol fs,pb kp ag22/24pm/25/29/30/31 sg po 3/27 jg rs sh,bs bj lk lp rr ak,bs2 pb jg2 eh2 lk1 bj2 sg1 rr1 1/2f 1week,,pb eb bs dm ag 1/26/27/28/29 kg cf,ts sg mh off bj lk 24 7 sb rr 23 25 ba cf eh,,sg dm fd ec26 ba25
27,ts dm kg tq lp ol,,kg1 gg1 lk sh2 jg fd1 kp2 sb2 rr1,,,bs bj lk lp rr ak,pb bs bj 1/2f jg eh 1week,,pb eb bs dm ag 1/26/27/28/29 kg cf,ts sg mh off bj lk 24 7 sb rr 23 25 ba cf eh,sg mh GB mp ba1/2sec sb ec,rs2 dm jg2 gg2 fd1 sg1 lp2 cf2 ec26 ba25
28,,aa eb bj ol rs fd,kp lk sb jg sh,,,bs1 jg2 lp1 bj lk mp2 ak1 sb2 rr1 je2,pb bs bj 1/2f jg eh 1week,kp gg pp rr fs cf,pb eb bs1 dm ag 1/26/27/28/29 kg1 gg2 fs2 cf,,sg mh GB mp ba1/2sec sb ec,dm gg lp jg rs cf ec26 ba25
29,,aa eb bj ol rs fd,kp lk sb jg sh,X,aa eb mh gf mp rr 4/2 ls,je bj lk mp sb jg,,kp gg pp rr fs cf,pb eb 1/26/27/28/29 dm ag gg fs cf,,mp1 mh GB ba1/2sec sb sg1 ec,dm gg lp jg rs cf ec26 ba25
30,bs je 1w gg mp,eb bj pp2 ol aa1 rs fd,,X,aa eb mh gf mp rr 4/2 ls,je bj lk mp sb jg,,bs2 kp lp2 GB2 gg pp1 ak2 cf rr1 fs1,pb eb 1/26/27/28/29 dm ag gg fs cf,eb je ag 2/3/4/5/16/17/18/19/26 mp pp jg sh,mh GB ba1/2sec sb ec,
31,X,eb bj pp ol rs fd,,X,eb mh gf mp rr aa1 4/2 ls ak2,X,aa ts 3 1/2f lk 1 ol pah 2 tn 4,X,,eb je ag 2/3/4/5/16/17/18/19/26 mp pp jg sh,X,